,0,1,2,3,4,5,6,7,8,9,10,11,12,13,14,15,16,17,18,19,20,21,22,23,24,25,26,27,28,29,30,31,32,33,34,35,36,37,38,39,40,41,42,43,44,45,46,47,48,49,50,51,52,53,54,55,56,57,58,59,60,61,62,63,64,65,66,67,68,69,70,71,72,73,74,75,76,77,78,79,80,81,82,83,84,85,86,87,88,89,90,91,92,93,94,95,96,97,98,99
0,0,1129,2012,7610,552,8909,9998,8374,5619,3956,9996,4482,7854,2806,8346,3690,4108,5227,30,9510,8656,2739,8366,730,8742,8146,6365,422,3757,8632,1499,4134,361,3015,5670,3935,556,8255,1309,1196,4684,1284,7483,1173,1696,1137,6751,9920,5267,1656,7254,752,6868,9037,5710,2069,781,1782,4935,6460,9401,687,5981,2286,3483,8554,1462,1709,2812,9776,4158,7747,1415,6832,9439,5350,6986,2533,1582,6116,2478,1648,9374,4618,2281,2827,8672,7836,7665,8721,7700,6193,4734,3467,7578,9782,5002,327,6192,2997
1,7089,0,479,3622,6038,3436,3862,6838,8173,1976,485,6596,2467,179,1617,907,8399,8541,4733,4243,9740,5608,4079,262,9624,8225,9975,7981,9583,9088,9048,1969,9623,9617,7277,6380,5545,6440,5772,1329,7298,514,8448,303,1545,5415,8120,8522,6521,5906,652,5298,9409,7199,1200,8469,2526,7825,2929,268,9351,9092,5236,1127,6993,1205,3466,6409,493,6715,9337,7584,4453,6839,8119,3015,895,1606,6605,3472,9455,8861,9463,9125,9008,6099,9928,5661,9347,7787,959,4674,8857,8258,7755,7793,2882,6008,7102,7445
2,9620,2278,0,1663,6681,7780,7838,6773,6943,5601,2867,1961,293,7704,8335,5543,4397,9513,9376,4609,8748,8650,748,1530,1266,5402,3432,4900,172,9667,2486,7966,9067,1034,9697,2215,7039,2549,9628,6475,5718,6583,7330,3107,7299,2602,312,4911,7422,4762,5413,6832,5469,1887,8549,1177,2792,5048,1227,2279,4679,4356,1723,120,1765,3600,1485,5105,9635,3931,9748,9825,5010,7775,6129,2817,1488,1152,3625,1247,1910,4252,9885,2734,3257,5288,6698,3893,5661,2516,9954,8328,5291,143,2465,2397,1463,3341,6273,7296
3,1052,9975,1960,0,4637,1197,3063,1199,8525,9970,6098,3583,9304,5350,6835,2127,532,9605,2674,2825,4416,302,9406,5512,8565,8843,1362,2016,3927,3730,8422,1659,328,7425,2955,7222,7888,4526,3849,5105,4318,7770,3752,3939,9562,2500,1458,7630,5693,6617,3883,6630,5442,7250,7392,7166,9496,443,4272,8403,1610,846,1310,5843,8491,6727,8721,8106,6856,3599,7427,2318,1174,3551,3571,6348,5400,6678,8018,6056,3432,3860,2253,2797,5101,9349,2322,1659,5773,3286,2141,6960,8678,9483,469,3971,7936,5375,19,1901
4,9701,6138,8587,7638,0,5192,3712,2189,300,8350,8121,9475,9688,4640,1397,1182,14,2026,2759,7822,6774,1747,9590,6642,1117,4632,1714,2730,9537,1397,1691,9104,3,6413,4435,6231,8632,2125,6590,1276,6923,8346,431,8954,1584,4293,7268,8042,434,2008,883,4183,1791,2839,409,8071,6802,8628,7080,6975,2629,6737,5362,3410,4433,4478,8556,8752,8281,7446,7931,671,3283,9723,4646,3721,924,8750,3771,8710,8923,695,356,3030,7312,2345,4531,5573,2027,2695,7526,7190,407,8023,4735,1748,976,7016,183,8735
5,5063,9778,3001,3592,8621,0,8232,9658,9776,5182,310,9008,9596,6004,1856,4372,8951,1379,6783,7107,9388,9129,4504,9346,4180,1383,1276,4329,5887,5963,4430,9135,2788,1026,980,871,830,5325,6300,850,4845,538,4335,3256,2102,3091,4552,4765,3062,4695,6103,9656,9081,4039,1131,5606,7571,1628,7084,1404,2108,7575,315,868,9499,6439,2629,9445,7344,6181,9999,7663,7650,1173,9975,3539,6620,4141,6098,5924,7996,1306,2210,2446,4138,3178,3524,1990,419,4331,1079,1392,2606,4930,1063,427,837,160,4174,1748
6,8760,2888,2315,3193,5405,1588,0,1986,3569,7233,2733,1949,7745,5800,8166,5654,8657,9126,5393,6693,2516,7515,779,7201,9992,7648,6068,1656,6738,1864,9186,1453,1217,4355,8361,9479,1492,3446,4325,3854,893,1272,5466,7728,3942,1112,2446,6096,9604,5828,9703,618,1061,8046,1461,9924,8806,6225,9816,5174,7216,8739,9209,8418,3615,3850,3882,2389,1470,9013,6267,2921,3496,5376,9383,6902,6860,333,1189,861,9119,590,7877,3306,6702,4264,6110,9891,5213,98,3639,7115,2722,721,6468,928,9613,4571,2483,2492
7,3607,755,535,1386,2461,4507,9986,0,166,3141,3367,1294,4301,2228,4147,3355,9294,7120,295,2396,6294,1269,5172,1217,5497,2626,7524,8085,3309,4724,1572,2911,2334,4699,2412,6967,8063,8231,1397,2779,1581,2013,7526,99,3974,682,7870,7834,9084,6554,9082,1722,4368,9073,9250,6256,6889,6873,583,9327,5083,1406,858,2880,667,4227,173,6740,9204,8691,9135,8675,1423,9811,2681,8129,7720,3455,7793,4398,6293,9916,4578,2166,9442,4198,9415,8701,2332,7879,6375,4679,1084,4012,324,5183,6803,9165,4140,3408
8,2456,9839,2333,9405,6954,7104,5238,2167,0,2786,654,1263,4153,4503,3614,5152,2405,6834,3621,9630,224,9604,2824,6749,5422,3066,1024,636,1040,115,842,4074,2765,7457,2333,5308,5543,7876,6315,1517,6421,3643,702,5450,4605,3249,1614,7243,5915,510,344,6354,1556,2633,8042,3743,6629,7667,38,9700,9202,576,5796,1170,8227,5728,2013,6304,3500,2002,1190,2684,3720,2537,4060,2246,6050,5136,4447,539,6814,9699,9346,5433,4926,8871,8592,9324,4676,8150,3766,8404,3971,3495,2372,7965,2014,3405,103,3546
9,4608,4636,9134,1312,6402,9929,5512,629,9878,0,6858,5932,1790,7322,2505,2864,6778,5001,8432,3266,5386,229,5300,9193,150,1814,1490,3009,7738,8789,2831,9101,9053,1787,9675,6479,8031,6812,1735,7993,2638,2623,893,5678,7405,3421,9173,3354,7808,1599,3242,3349,8653,6754,919,104,224,7703,3162,3929,8752,8859,5156,6198,6544,5766,7613,2685,160,1332,726,1823,5138,3699,3103,1979,9579,3382,4433,1902,5848,1142,9419,974,2982,849,4248,7650,4753,7889,2841,4850,9415,7781,9758,5901,6931,2225,7122,2284
10,4163,8729,918,6520,9283,8220,2265,7682,3293,7529,0,9371,1700,6454,7348,2104,1178,277,1872,9559,8756,3441,9110,2525,8760,8575,2788,4573,3918,1658,9223,1200,5106,8427,9018,7066,866,7050,4571,517,433,4473,2518,1315,4587,2780,1496,191,383,2813,1131,4857,4216,1435,8757,2939,1622,1908,6799,2542,7031,9002,9153,514,5163,4171,5355,5422,7831,9230,8886,671,2618,2866,3485,1126,9811,4741,2035,133,1493,9282,3409,3867,5038,895,3426,2655,578,5386,2197,5327,5326,9446,7105,5728,9671,4292,9717,4335
11,1348,487,1933,1875,5513,4626,8879,8168,9783,402,1088,0,7157,2262,9222,1758,8161,9433,5799,9798,9976,5560,7026,9169,113,9849,161,6601,67,5714,8157,3373,3778,7166,5949,8191,6789,651,6971,9581,1334,3424,5993,3581,6305,8152,22,6832,9015,142,193,5706,1621,429,531,746,7910,5167,7407,5058,8218,256,4527,9755,5848,3630,4017,7376,1017,3363,5233,9776,3640,6376,9940,3588,9024,7142,9968,8010,4075,1475,9755,5187,8874,6753,4647,1560,7935,762,1910,9021,9933,4700,3972,2262,6465,4314,2108,3651
12,6229,7340,3159,1259,9547,6556,9556,2164,3477,5150,8238,2891,0,231,6613,1906,474,8398,3053,9951,7887,857,5539,51,8225,904,2124,41,1259,6389,587,8666,6445,3140,6164,4066,2368,9375,1972,4287,1572,7997,1000,7832,3558,4957,5008,551,7567,5456,8146,554,4326,3486,9551,4855,6368,4451,128,2848,1057,5694,9413,4375,3331,1305,3532,6955,7893,1776,3095,9863,4292,5452,9640,1863,9397,5509,8368,6323,6754,3435,7267,8657,6250,4119,153,6475,2493,7611,7691,6310,6833,713,8517,4264,4508,4924,5656,2682
13,2712,1419,8111,3530,6401,3926,3705,2311,5829,1213,7916,8313,7230,0,3060,4649,3612,2344,1967,1243,2647,9844,8395,2693,1135,5575,2086,6033,6367,9878,2972,7356,4710,642,5963,8152,2327,9238,8423,7565,5338,5398,1040,7872,4517,1573,5435,9868,7345,1390,8431,6998,2425,3639,7925,819,1354,2531,8377,6527,1256,5905,6224,5467,8150,1840,3894,1200,5991,8332,4490,9044,3065,1298,2629,6780,6042,70,2119,3775,4439,1776,2054,8185,9742,2299,8160,3609,9387,3798,7472,5987,702,7388,5487,5013,3088,5911,7157,6298
14,7724,4226,1547,9242,6762,7543,8711,4823,4694,1226,6582,9460,7582,3232,0,9650,8337,429,2240,4462,6285,339,5215,976,5336,5862,7594,1043,7673,5949,2802,3598,8650,8866,4346,136,2133,4920,7052,5465,3598,9824,579,8642,6387,4409,391,6959,5213,1234,2919,2295,7296,8021,3297,2103,661,3294,6119,2568,2530,6026,3659,2250,3611,6788,9717,3183,3581,2673,3782,5542,6084,9448,227,9323,2980,4056,7086,9816,1775,7356,2024,2814,3589,2454,2778,6752,1257,6596,3479,643,1647,354,8224,9518,6211,688,5753,8269
15,5814,6879,3147,4076,8457,2626,8494,4789,5566,9069,7825,3615,8043,5279,13,0,6131,2795,9692,7743,3149,9425,443,3908,2961,3256,9929,1737,9985,6760,792,8374,1316,7419,6399,9854,8826,3368,8495,8113,6275,1412,9611,3508,5620,3673,4949,9486,4139,4268,8119,8119,4706,6428,7629,2156,773,2470,5754,1863,6844,7536,6176,8452,5763,7229,1610,5371,1339,4039,3928,1892,55,7396,4494,3480,6179,3629,9375,83,3635,8435,1688,7543,8095,9543,1263,6151,4078,3499,5321,8468,2589,3877,5600,5503,4946,4268,9832,8815
16,5642,6177,8318,1999,7092,3672,9401,1985,219,7612,9867,5092,5026,1185,466,4798,0,4569,9179,9344,3089,5604,1817,4810,670,6586,3507,3990,5090,2626,520,6772,7424,1648,2013,1440,9271,6961,1296,2846,9753,7940,6090,972,4517,1475,116,9895,7975,4562,751,1712,2353,3444,1497,4924,4357,3880,5861,6490,7021,5961,1943,1675,5715,6075,7671,7824,9775,158,8327,2392,4471,6119,5001,2335,3930,7457,7700,8011,1111,325,3975,9223,2653,8040,2478,5660,8825,5323,3980,5912,2056,9071,9204,9036,7589,4131,256,3571
17,9931,6741,7767,1716,6457,8347,9126,9704,2948,9101,6046,1419,4684,9898,7136,7873,916,0,542,8847,8960,8772,912,8339,142,503,6084,8118,5244,8223,6804,5829,7703,6768,3493,2147,6084,8826,5701,3125,1221,9866,5692,4687,8726,873,7960,9258,2028,8706,1345,2527,9259,7708,5509,8815,6457,2565,4088,8298,1784,7898,8139,3391,5090,9579,9423,7950,2282,1113,9773,30,7857,1016,1776,6288,2976,20,5487,1100,387,578,8994,4607,3983,1211,9214,4328,876,6641,2509,9179,5547,5845,6180,7315,6609,2633,9228,4774
18,2550,4739,9364,9630,8105,4799,1345,1946,4344,3058,2819,2186,1664,2108,4386,9458,1112,1679,0,9791,1931,7118,9281,3980,2018,2826,4635,8824,4899,8689,9731,2599,5983,4298,8819,6229,5222,6453,2059,6480,8691,5666,4328,6259,8613,2444,9195,7952,2882,1191,4088,3970,2855,1987,4855,9183,7757,8936,5607,7800,1816,4205,9554,3152,9411,950,7477,1045,3403,1305,4515,1652,9091,6328,1668,7463,8705,1352,4299,6653,7222,4225,9329,4836,9178,6432,8885,5353,7191,4140,9436,1846,8725,831,2543,5559,846,1178,2148,7672
19,4646,3963,8620,8614,7907,3990,6020,7814,8706,4886,7223,5598,628,6718,3480,6312,1964,1242,5519,0,8657,6808,2988,1683,4581,9310,3295,8634,7941,3248,6882,8437,8484,1892,9923,8159,9699,121,793,9244,3927,897,8833,2672,1478,2962,922,5336,4906,5701,5772,2542,2079,7891,5577,8448,8995,1157,6689,150,594,2319,2710,4784,86,830,7110,9560,9902,9693,1582,1515,8185,9464,8664,4974,2571,3379,9823,4324,6534,5168,6719,4862,6513,9967,1527,3877,8349,7470,3149,6839,344,3217,7025,8563,9562,6318,1083,7146
20,2791,6264,1664,8756,6978,1510,7935,5508,4767,2978,5231,8834,2666,9243,5716,8867,1113,6218,9638,5178,0,258,1771,3205,4862,834,7460,814,2783,96,2469,5797,6247,1076,3163,5686,2293,5315,4689,5863,556,6176,889,5118,7679,8257,9025,8049,8161,4236,8189,3128,7244,6095,1744,9092,4989,4951,7676,6095,9092,2856,5248,1657,5160,3703,6019,9606,9183,6201,7023,7159,5183,451,6043,2914,6115,6790,1035,1156,7185,5771,7271,8544,9475,8730,8355,5571,557,8112,6189,6170,3362,925,8581,3580,4765,5786,7788,7422
21,235,4680,9788,6459,3731,7112,8473,9806,8600,276,3013,606,5900,2050,8170,8256,8069,8280,2487,5942,3211,0,2309,1357,2387,3877,9485,556,7238,5906,5178,3565,490,1245,44,6766,7294,2986,1988,7054,9130,7330,7875,6360,307,2355,9119,4425,8943,4339,5055,8274,3457,3398,3089,6287,8457,4323,4169,2182,4821,8467,6413,8096,5104,6587,3482,831,4162,1600,1475,5930,7076,3990,7087,4901,7907,8521,5946,8907,5054,6394,7978,6510,9887,6489,2814,1058,8282,5687,5199,9226,2946,4626,3804,5030,3414,9069,7862,6622
22,9634,8901,7281,4889,1337,8974,504,1241,4520,4286,7007,7960,7838,4747,336,3185,5717,1938,6606,4021,7017,9813,0,6715,7526,3627,937,1964,9395,4360,9472,9,8182,7048,3728,6953,7014,432,1744,9559,8173,1656,9681,273,5181,3828,3342,1323,5335,1446,2827,9822,6528,176,5442,9810,3045,9584,6952,8842,6603,4551,6788,141,755,1322,3134,65,9377,3902,9064,3687,5319,441,4646,3375,7198,3934,1973,4267,6096,839,4181,6805,4185,2560,5196,7172,4547,8306,7593,4601,4837,9855,7688,626,3877,6374,6459,0
23,946,7470,68,2703,1547,2309,9399,8716,5356,5957,2218,7257,8401,7701,5230,8936,4782,3550,169,4349,2018,4111,542,0,5769,6144,8614,3577,1214,5033,2124,9253,7993,8810,1654,1583,5152,7445,942,1297,9398,530,3375,9374,8023,7878,1063,5887,1003,1181,116,6462,5330,6611,5323,1995,455,7414,2556,599,6630,1252,329,3034,5287,4953,6313,408,1616,7125,6517,9588,2704,5298,8543,5435,242,80,4944,2829,3315,136,3372,4926,509,2944,4060,5735,9675,1284,2297,27,6112,5999,5961,2194,4777,715,5060,7276
24,2043,3363,6330,2835,1773,3721,7564,2054,2323,8849,7179,1552,8384,2702,477,8428,9278,5174,5721,9068,8192,2652,9988,9987,0,9634,8302,6179,4702,4979,1878,3862,839,8173,6172,5229,9378,192,1022,1102,8533,1927,9501,3078,3177,8320,336,9116,6871,4917,4617,2977,433,2166,4294,4730,8442,247,2775,5811,2457,9385,9290,7543,3671,6423,2850,3801,7384,3079,1748,6159,8507,7104,4280,6908,7436,321,4560,1621,3952,8150,2882,8859,6631,5429,5727,3343,7811,405,8830,9169,9176,4427,657,5876,1772,236,1926,2582
25,2640,5292,4492,9901,3908,4567,9927,8865,1107,2925,2587,3307,575,2522,3591,1743,1164,2651,1286,6194,3030,3733,1109,4089,1230,0,9993,406,5095,6972,3029,9814,5900,5158,1379,1743,6899,3917,7731,8603,4765,6715,9509,8142,3412,1817,3375,9662,1094,9545,3775,1826,486,813,9557,4022,9999,2010,7554,5522,9083,7061,7274,2708,3115,3527,8765,3193,2318,6043,377,8246,8584,9264,1813,718,3014,3219,2863,9058,591,724,9976,3754,2257,5566,5194,6543,5450,846,6308,1248,4164,2538,9143,9311,6344,3940,2086,2397
26,646,1689,262,5999,8265,392,6218,996,2106,1390,2618,5708,3099,7005,7265,897,115,2993,7754,2283,9010,984,5231,359,8260,4063,0,900,8679,2132,3686,1540,1899,2489,9775,6167,9699,1315,5573,5028,6548,526,1605,911,2756,754,4673,9231,6554,5978,4841,1127,8935,7333,1563,2177,4846,1233,9963,7421,3781,9562,1622,2149,338,4218,1764,4866,9402,8722,8352,87,3993,7686,3988,8024,7218,7248,5178,1105,2733,963,1230,1196,5394,3724,4307,3613,4392,6082,2815,8361,982,7969,3092,8093,8609,1865,2986,5610
27,9493,4438,2960,3987,3964,457,5103,7816,7147,6865,5953,5781,6786,9611,6250,1362,8808,8665,8792,1153,9860,8453,2630,6321,1773,8988,5960,0,4202,6368,7806,9927,2239,7868,9106,1040,7409,6289,7763,2655,5848,1882,7882,2527,8750,7197,9472,3535,7654,5328,7691,6068,8279,3236,2336,679,1046,8044,9871,3008,2015,85,4314,5003,9123,7485,6687,3754,1856,4747,7094,2121,1126,8795,9502,810,9181,1242,7957,4168,2463,686,489,2270,8841,1359,477,4822,7225,301,7963,6380,905,5270,676,3438,8733,7521,6745,9229
28,2166,3406,6270,4613,2191,6486,7361,6497,3828,9948,117,7780,1982,263,9556,8774,9850,6097,100,5737,7045,4418,3393,6238,6629,3241,9764,1367,0,3733,1056,6289,5981,3925,971,2730,5087,8593,5809,7477,3167,6937,3195,5657,7080,3276,6260,3011,1960,5132,2122,4533,6003,8157,9577,6557,2960,3306,9283,6284,4481,9048,4788,4876,4217,9151,7288,2264,7743,9460,5118,771,6956,6544,2954,4130,5079,9006,9908,4876,1307,1448,1919,6676,1672,3501,8906,3482,1351,7137,3952,9077,1824,503,945,4701,3981,9818,3278,4518
29,1951,5590,1252,2518,3385,9689,21,3006,361,8563,4413,3261,3034,2200,3980,8414,8754,4620,7599,146,8228,6818,6982,1135,8722,5048,5711,3272,2892,0,9770,2740,4338,1149,2306,5083,3628,6013,875,4627,7714,2977,1943,6339,5016,7546,5629,5867,2567,9163,1653,4458,9936,8707,6569,9924,8459,3379,2114,4398,8529,4224,522,2049,4434,2737,9621,879,3903,5675,3845,3049,1098,5833,764,9255,3434,1618,2210,9368,4754,2248,5012,9209,4802,5699,6911,3187,6418,4473,5282,5891,6453,4040,6366,4150,1942,7601,509,2639
30,3088,2012,963,5767,7101,4076,4666,5019,7448,5492,187,6439,6567,7411,256,5823,7060,8941,9810,9181,7391,1759,9714,910,5293,7483,4442,2786,963,4700,0,8091,1034,5340,733,3225,2662,3733,7613,4705,2291,5930,993,5608,5714,9273,3440,8199,8043,4576,1848,4966,6275,9651,4465,3269,9483,9386,493,493,1856,5152,1928,2652,7156,5786,8731,6321,297,9438,4616,5422,335,4661,2312,7108,2122,3617,7165,9255,2029,6343,5352,6681,5570,9939,9556,8200,4197,3114,5885,3668,7744,7738,4515,7286,5166,6241,31,5195
31,8271,863,2632,277,4809,1995,9456,2454,1066,9124,5411,2197,6598,5793,1476,4366,6349,611,3757,9475,7589,1745,3412,3405,7030,4794,7856,9221,3602,7338,4683,0,6733,2683,1565,7215,4450,6928,6356,4198,2723,2405,3414,1186,9954,4262,5112,4099,3839,8367,7750,2435,6230,3755,5436,6462,1351,1474,6209,9041,1562,1366,825,7180,7264,5964,4244,8771,7489,6816,3650,9120,3406,597,5936,5053,6368,4664,3314,9085,7915,2829,2784,2027,958,8946,608,9046,4568,8302,4450,7360,1814,3772,8395,1054,8368,5314,2060,3168
32,8523,1238,7023,3564,3540,542,4396,7726,860,9524,2851,4506,5111,7119,6838,2489,4517,5387,7823,8429,4368,3398,5021,1825,5297,4526,4593,4744,7288,9870,5437,1752,0,915,2884,9176,9801,4012,6980,3193,8656,5797,9475,7140,6338,5638,2185,3477,6274,6380,8427,1018,4272,8406,9435,3012,3176,4969,1024,4040,3732,2251,1719,6468,8980,7118,7966,27,3567,8803,4866,9935,2610,7784,4794,8485,3530,7067,4433,9422,7827,7929,6275,9171,9260,3867,7490,1268,6842,5570,7103,2103,4793,119,2619,7877,9754,1661,1854,2561
33,354,4443,9677,5971,2041,6395,1463,8762,1789,361,925,336,2962,9984,3996,5749,6772,2811,6914,3258,7010,4409,349,1722,2426,870,7243,9896,7692,7747,358,2042,1075,0,920,5578,3247,5295,729,3129,3327,1618,3757,1859,5417,1356,175,459,8120,3581,1582,7970,4384,6810,1017,6017,679,9820,998,1867,2243,3090,4011,7434,7844,4012,1632,9897,718,7005,2662,1582,6395,455,2805,7764,7365,9803,6278,8918,4889,5800,1587,7485,605,7713,2571,8703,277,6343,3390,7044,7003,2246,2961,7439,7169,6004,6266,6597
34,6096,4153,5388,732,3687,6841,9965,25,5446,3654,946,8016,8481,2692,8932,3778,433,7695,9,7180,3924,2000,9527,8626,8027,1653,1373,5823,3931,3443,577,3047,12,604,0,9928,7326,9498,3246,2444,41,5522,5852,7457,4624,7066,1273,3036,4811,9538,9133,9471,6036,1553,6203,8730,6780,4138,2831,5623,8022,1023,9662,8137,4050,4063,7255,9133,8613,6023,5114,1002,3180,1012,5461,5120,6506,7339,9662,9887,2837,7730,1788,1175,7079,5665,878,972,8016,2996,6331,3089,780,957,7712,6219,3692,4294,2764,574
35,6016,8498,585,105,2682,4895,2544,8270,2419,8835,2895,9827,3015,1279,4456,5330,3847,406,6703,9312,6399,3891,6571,7518,3488,6733,1245,3890,3131,8055,3642,9130,2634,7418,989,0,5372,2567,7897,7103,6353,5661,6285,6285,2419,4290,4068,7789,3920,5247,7504,4011,2059,7247,6193,3333,7002,983,129,8336,96,7654,7841,3279,2610,5572,6129,3759,7560,4342,1112,8460,6302,656,3124,609,5275,1033,7048,2270,1586,4519,9891,3507,5240,3618,529,1225,405,5965,4,8159,6943,3123,205,9310,5053,6428,679,762
36,9001,742,2604,6417,851,2123,6534,9149,8811,6673,3135,1996,6738,1744,3705,8570,3500,9075,546,3859,5429,8339,3303,9853,9812,6460,7499,1801,2161,345,4394,67,30,7735,1047,4410,0,8834,5494,1507,86,4734,1138,2446,1666,2198,1576,6630,9255,4196,1429,4131,3233,7322,7827,2174,6962,8847,3216,6787,8956,7553,462,9335,7968,3240,100,1111,1402,6120,3065,1147,756,6013,8426,3387,4482,6108,3654,8319,8384,9995,1011,1781,8581,3713,1057,9525,893,5179,9553,7416,7412,8305,1623,9521,9743,3146,6688,2746
37,9028,4093,244,8517,3987,3870,638,342,2989,305,5972,3899,4,4904,3081,5864,7959,9658,3720,1676,3299,8590,4432,1886,3324,8640,1006,5634,4186,2223,292,4420,8767,2091,6038,2817,6690,0,747,7095,8909,3972,5825,4655,2912,4844,8161,2225,8070,5696,4811,8694,9382,2753,7022,414,4233,8372,2760,4658,9641,5981,7822,6478,3444,8024,5438,1016,9240,9154,3750,2261,8845,6986,8427,8677,7639,7349,8191,5164,234,6347,5101,8925,8019,4737,4584,7661,8791,9403,7067,9257,3598,6954,6592,9539,2189,7182,95,9017
38,276,611,3462,3841,803,210,9407,1624,6823,584,5302,9169,2608,7150,7783,439,5929,6864,1081,6774,8091,8242,1731,2252,1239,7432,8781,4129,4733,8141,4543,7072,8984,605,16,4748,6966,1664,0,4761,872,7822,7038,4117,4134,6771,5084,2640,464,6331,1504,8523,9803,263,5236,1139,3483,4700,5368,2464,6392,5738,3583,7376,379,2297,4985,8795,4267,9617,7688,2546,9488,9450,2199,1391,1725,9278,1511,126,677,4174,164,8622,735,3211,8334,1242,8313,5507,2572,5434,9102,1676,4585,308,114,8760,6222,5358
39,3774,3389,4174,3465,8921,6371,7693,8918,3432,9516,4908,891,8986,3350,3371,64,1131,7519,5562,2603,5066,2665,4483,4533,698,8890,9140,5250,8974,9983,8980,6757,1240,3090,8188,8443,8906,7394,8586,0,95,6554,6180,8990,4140,3915,6421,7295,2378,6276,6235,119,7910,7566,845,9645,9899,3825,9774,8327,8592,5731,2080,8439,1,9229,8118,7996,1948,17,2134,5258,2465,2987,9230,4677,8700,9737,69,7775,360,3291,5124,9217,9127,460,9739,3627,3756,2206,8920,4602,3976,669,2789,7006,3894,2335,5935,2840
40,5899,3109,3167,5309,4492,6533,8747,4356,7787,3258,5679,2279,5210,6954,5868,2592,993,7334,5128,1227,8325,8992,7404,2439,5560,2,3281,230,9259,7170,8594,3557,690,9699,3000,350,1289,5455,6331,2928,0,2888,8241,9390,5557,591,3935,1345,6133,6123,627,1805,69,4704,8169,8244,2154,8571,2609,4891,6495,1725,3828,7218,7619,3573,1772,8249,8217,7643,4404,3522,2631,5464,834,2773,1690,5696,3770,5942,9960,885,3068,6391,6800,8631,817,7141,5801,139,696,7820,9561,5240,1839,8067,3075,2592,5109,3927
41,2347,6559,8411,8434,4332,2528,7136,954,1973,822,2211,7826,9292,1685,440,5913,5198,5543,3436,4586,6849,6350,4919,6932,9250,1680,2708,1348,1020,7379,6915,3551,2319,4917,8879,1994,1942,2723,7050,4316,7188,0,7931,979,2288,8760,1917,9772,8665,9951,3236,6267,8701,199,2043,6710,5239,9577,5493,2268,5040,3657,4342,6395,3657,1078,371,4547,1384,1071,6821,6228,6723,8877,8843,9633,8039,6761,2886,7053,5436,1939,5151,1263,1949,3435,1798,9032,2683,9538,2676,6579,3038,1466,2876,8408,9859,2976,466,3810
42,1855,3677,5132,8596,4469,131,3501,9748,1186,6893,3151,2454,6419,7132,2443,3877,9493,4090,4565,1144,8534,5068,9750,7049,7575,8028,1686,6631,8962,874,3781,9271,731,2827,8564,1229,2099,8462,740,6606,6640,8266,0,554,454,2135,2793,5536,2510,1681,7830,1301,8073,3365,4440,411,1740,3293,3464,6647,1836,7913,831,8543,7634,7223,5300,291,1411,2987,5043,9782,4166,4970,2022,944,137,1064,8508,9979,2055,2186,58,2394,8630,4827,2710,2463,8924,991,8840,5453,1821,4215,1546,4291,5783,7762,7318,1754
43,7446,6653,9707,3626,4585,5780,3192,4502,151,3281,2057,5244,1279,9224,8713,7266,2937,5338,3364,9480,6041,3777,2865,1074,5218,6014,3449,2944,1541,7371,9184,2187,2194,710,8631,9413,5493,9451,7419,8873,8832,3236,4908,0,4734,838,5254,8836,2525,7412,894,3697,6699,5954,6054,1623,6680,7436,4302,5019,9758,9477,8677,3975,5653,9357,5471,7382,2591,8697,7754,5286,5351,1320,9277,5358,3998,2142,1126,9830,3890,3590,1449,2180,7737,6408,9110,6642,8639,9575,3766,6564,1652,865,1568,5004,6756,4665,91,9477
44,1860,4299,382,7913,1817,3915,3761,9052,9426,4088,1761,5742,3740,9273,6503,9693,8195,2816,7053,5195,9572,4652,2863,6288,7353,9622,5050,1587,3035,1859,4775,973,1680,6192,6375,2602,5929,2225,4765,6339,8503,3789,7040,127,0,2127,4951,9504,8774,7218,9806,9243,5296,522,8046,8922,9641,3964,8892,8156,1336,6,2516,2369,7088,9299,1641,5978,5117,213,9717,2251,8677,5315,8645,8731,558,7540,2459,8164,9921,9662,9296,3923,5211,7985,4900,888,4440,9539,6472,5734,8099,8237,8140,7715,8734,1317,4263,4021
45,565,5544,463,1442,6745,3680,342,6134,3873,4785,5486,2829,5707,7449,7582,2237,8460,73,1044,1268,1458,7784,2021,9125,4027,1659,3492,7197,3211,1048,4247,9914,4577,817,435,378,3847,1551,7484,6656,4913,4989,684,8416,3219,0,4904,8438,8656,4921,3715,9556,3995,5996,9652,1733,1098,4003,9672,9686,764,2073,3175,3708,4428,1154,9238,2152,6422,3960,6549,782,2291,7059,3702,1022,6805,3287,2374,654,1117,2120,4410,7853,4466,1533,227,7987,7814,4927,9883,2920,4447,4673,723,8460,4953,3053,3400,530
46,5854,3374,8365,192,3090,2694,2441,9939,4460,2310,7750,8181,6017,9344,658,1683,4294,3777,4298,1843,9422,5788,663,3148,3634,5789,9555,3599,7390,1792,1823,27,8206,4698,9073,488,5065,8217,3632,5451,832,5703,928,8558,5425,397,0,7528,9098,2921,3809,5254,1499,3757,5866,8061,3947,8603,4057,4918,200,222,8067,3409,6089,9369,4275,9673,646,6893,7915,4247,267,8508,1825,8777,3713,9641,6889,1512,692,2749,5241,806,6937,445,9586,7769,6475,3798,6778,6139,282,7234,5082,7317,7392,7014,6064,7540
47,878,4050,5510,1610,3543,7387,3684,1600,509,6938,1219,7444,3472,689,847,1450,4061,6102,4636,2320,8760,1011,2229,3270,8556,6412,3240,5469,2637,3004,4101,5428,6252,8901,7856,1158,3777,2559,5790,7042,5682,4085,1018,3582,6282,2249,1247,0,959,9600,3581,9273,774,7762,1733,1320,807,3251,6750,502,6939,7397,7231,6802,6821,8671,1580,7585,359,69,9493,9666,4664,8922,7329,8782,589,782,2470,8176,8095,879,7219,5878,8900,7816,9278,3837,3625,1039,7258,160,758,5648,0,1869,8332,794,968,8249
48,7393,7940,7718,8276,3034,4300,9488,988,6035,5309,3082,262,1773,2204,1330,497,3360,5113,984,266,5540,5433,5436,8508,9638,2272,7010,7063,3287,4881,5047,4423,3520,3516,7656,6521,1907,8366,3071,614,4342,4850,6705,1610,2643,6909,7580,9057,0,7429,9268,9198,3339,1759,6015,2520,7280,8397,7589,9723,3901,4040,9040,214,2848,7966,9141,7311,4757,276,5570,3981,5014,5049,5791,5863,4021,3130,7392,6356,2918,210,8290,7655,2540,7041,9832,7280,764,3826,2252,8844,5693,4169,793,4763,2243,4402,175,3261
49,5729,6559,6885,7453,5458,5442,6593,3853,1346,7242,489,7262,7353,7808,8999,9559,7834,8457,8418,1202,960,1627,3004,7460,9848,1363,52,5307,5950,2329,4190,5550,7172,1788,8965,8932,3043,7860,6928,7457,2840,4456,8880,577,1136,5838,29,5005,1535,0,442,3317,6952,9172,7678,906,1942,334,5143,5416,5674,5325,4337,709,9303,75,9898,2051,7074,8127,816,2672,742,1025,4252,2165,4119,7865,4199,6936,452,3990,1567,2103,6978,1511,2925,6953,4232,2289,1835,7980,6172,3594,1140,1024,4366,5998,2609,8889
50,5936,2948,7761,3922,7705,6506,2569,2256,120,2527,6674,3252,2955,8630,803,2277,4040,5442,3805,9809,5306,357,3147,1733,7495,6313,4971,2944,3828,3305,9543,3469,2098,5385,1822,9946,3541,743,7952,6356,520,8170,23,6043,5137,4234,9851,6825,160,8329,0,7174,5566,4280,2581,2797,928,9103,2436,4445,4625,5843,3273,1497,8297,4277,8891,362,88,9648,2265,6923,9586,5604,6845,2990,289,9188,827,8286,3418,3917,6248,5965,3195,1127,3625,5824,4218,7713,9968,6574,3830,2663,9668,5105,9443,4275,3434,7698
51,204,88,3862,4086,4827,3325,5852,5409,7209,6887,1299,1689,7436,3076,2023,875,3553,1911,5706,8692,6479,423,8809,6652,3462,7942,7988,9294,3588,5750,2593,9781,5969,4179,9532,9196,4738,875,6922,5737,3645,5364,5152,5400,1553,2942,5033,3931,7035,933,5347,0,7217,880,5619,3987,3357,3409,9142,7227,4556,9016,4204,4974,9158,374,965,1471,3995,5391,6611,2307,4780,8926,5944,2668,5633,3299,2720,2143,6817,537,8773,4809,3055,7765,1973,8893,4386,4242,5056,5170,2037,9290,8093,250,9754,8979,8326,4908
52,348,582,7878,5618,9350,2174,4240,6045,5992,5630,1913,9955,3700,1707,578,2154,1269,1851,8386,6046,5979,9074,3528,55,1511,8911,74,8918,9854,236,7755,452,4248,2728,8970,7869,4757,4973,9300,7877,1757,781,7162,105,6196,4958,4943,9174,1431,2297,6019,4347,0,1170,2843,8017,9383,1954,5836,4865,9818,2573,5083,5240,9034,7692,3285,2644,3808,6884,4238,160,7290,4864,99,288,1185,6389,9857,3741,5792,7186,9570,744,5003,5065,1357,912,7233,3689,8808,4246,5165,5328,8233,5285,6619,8204,2975,2790
53,2631,3790,5244,3082,9627,6770,117,2092,191,9507,9764,996,9212,6787,6065,467,6593,8674,1440,8032,2158,6302,7839,6318,609,7060,6667,4195,2497,9767,714,8330,4092,1540,8394,7772,7134,2726,3964,4504,1807,7082,4390,5715,4393,1331,6105,1099,7375,2656,2162,2753,8922,0,9822,6678,6095,1230,5898,2996,511,3731,8976,6987,9600,9939,2100,9988,1456,2747,8487,1507,5509,9125,8224,270,3754,4084,1527,9185,9149,5255,581,3472,2021,9409,845,7487,8412,2104,9578,559,4995,4633,6963,9743,1610,2369,3587,39
54,728,5386,1014,6879,2665,9457,6552,2201,2355,5337,7621,7708,5785,8887,3673,5227,3235,6493,1378,8076,9293,7853,2409,5368,5245,9923,2031,1634,5404,9716,8074,962,563,691,6397,5495,2352,7957,4420,1599,1113,318,8273,3720,9735,4641,8607,2524,6846,1971,9753,7208,1188,3009,0,6070,7237,157,8832,8597,3073,5927,6881,8865,1046,6734,8803,8637,8830,8101,7826,4920,739,208,1424,6297,3799,6526,5657,3629,2905,9141,8834,7327,1885,7510,973,2416,8436,6316,1419,9483,5646,9808,3238,9692,511,6391,4212,1925
55,9500,5882,7193,7021,9147,4668,3444,153,4332,1832,8333,4805,1266,6169,1125,6552,1518,1251,3183,2297,3819,1755,6548,6452,736,120,1697,6722,6814,9982,9694,6238,5228,696,5649,3393,2639,6976,9770,2136,9911,8199,5177,6558,1571,5937,5373,5226,1187,2415,4901,2282,2000,4680,7304,0,6274,8044,4469,4167,1800,971,7173,9790,1567,2934,8821,5926,2684,428,8460,4997,2355,4940,4053,4176,7202,7280,5054,1951,6304,7732,7366,3903,4593,52,2234,5804,4923,1843,7210,7079,22,9945,9580,3412,3893,326,2262,1374
56,6825,6226,9619,4886,588,8870,9939,5434,1111,3294,5492,9844,19,695,9559,2915,5981,8182,7621,9690,2333,2664,842,6945,2934,4285,7296,710,293,5008,1844,2922,4286,2532,2229,8209,9749,6612,2612,264,9912,6249,4303,8609,7015,1100,7228,7920,6589,5239,6504,3211,4417,1092,9404,347,0,9186,9659,7115,2120,8639,9819,1179,7909,8486,9872,6311,4584,850,8562,8086,6119,1317,1043,4442,3763,2409,3357,9749,7380,5662,4313,6636,4957,8090,6246,8882,9502,6492,9814,8793,4782,8133,7514,4794,6075,668,5678,4700
57,6002,8358,7730,7151,8116,6693,1249,3625,529,1,1958,769,6423,1500,6196,254,2651,7106,9404,9486,6436,8957,4531,3330,5385,7760,2638,1081,4911,7180,2606,9471,9681,4330,2551,2903,5511,7510,7348,96,5734,4232,8491,6930,4227,7202,3481,9682,4923,6867,8165,5951,659,3991,2675,9373,5044,0,9024,2811,1447,9855,8899,8725,2445,5280,3135,139,6944,502,8110,611,3947,8422,2227,1487,5081,1074,4504,596,1338,2355,6962,8710,1973,958,8896,7248,8491,9728,1447,8901,9116,8188,5092,4543,807,3012,2617,9585
58,1366,7530,749,9033,3990,5066,5684,7989,8494,6600,8115,9575,6715,3871,4419,2431,9664,2974,8531,6147,3408,4354,6885,5868,9447,4398,5090,4206,9528,8989,7582,5125,9365,2618,186,6941,8831,5983,6523,3306,5927,2898,966,8156,9467,4398,4046,3089,4521,1215,5823,8789,2491,5725,9512,1976,2540,6127,0,6996,6165,3908,2690,2379,2378,1746,2192,9449,5191,4306,5828,9214,4345,8080,6626,2111,2007,5364,3993,4063,9360,3600,9424,6828,3111,435,2581,4822,6555,7087,1658,9065,3427,5219,9178,3164,6837,3510,1403,9281
59,7473,2808,6130,759,6675,1540,9506,4075,2440,9278,9777,5943,8622,9463,7360,4347,5747,8192,6490,5207,3018,1469,9978,5002,7102,6532,9405,139,6111,9730,5647,4270,4547,9533,4437,3667,6645,9503,3296,3264,5668,7366,7211,1310,1766,3816,1386,4802,6242,3492,7115,16,2830,8998,2370,2462,6307,464,7011,0,2585,1865,911,9470,9400,9374,9386,2872,976,4530,3528,1800,6523,28,2079,1519,9649,4416,4732,3465,3869,2734,505,3765,585,8863,8622,7848,4774,8138,7939,695,9755,1101,7571,3104,8954,3107,4120,8497
60,3365,4944,1196,946,2040,4263,3349,5802,4639,1242,8480,4617,3018,1127,6829,4916,2340,9485,9539,1049,2318,828,3994,5186,9760,5063,1402,9089,2006,6815,5442,9946,5102,6917,5997,3511,4851,6817,3069,5046,8193,8724,3577,6215,719,4368,3,5916,3422,9466,133,9690,2211,4149,5658,9423,4782,6906,9850,1202,0,4946,8562,9496,6157,5950,2641,4118,8353,3436,9374,2945,4571,5754,6815,2665,416,8869,4817,3472,5269,6786,9724,2642,2122,4329,4664,3531,5104,9114,6763,8550,3947,2433,2767,9383,8973,1607,6184,9475
61,3854,3730,1909,5334,4079,2823,7511,818,2269,4,6305,3345,8292,9701,355,2286,7069,2421,6709,2724,66,3912,4770,4017,1210,4857,9841,2844,441,9660,8064,2116,7494,9897,289,6801,9842,7149,376,7543,3733,3058,3209,8704,5749,3789,9448,4850,9778,5641,7595,2335,8310,7098,3219,9533,1399,6311,3439,2357,7263,0,3080,3308,9742,5907,3454,8009,6989,1310,1021,1014,8040,1689,1927,3129,5800,193,1647,7744,3092,2499,7189,6750,6121,9229,2815,4038,2031,6079,1523,9786,3828,2774,957,4390,2188,388,5263,3299
62,3106,9910,9864,476,2653,2226,1532,3306,2918,1763,3463,3863,8518,1255,9010,6797,8291,7160,421,7935,3525,1687,6447,6908,7744,9906,779,8788,8337,6938,5741,565,4038,646,2169,609,9241,9699,8549,211,2626,341,8676,5468,3083,3593,7261,4294,2263,6823,4267,4807,8195,8682,294,9604,520,5345,8914,1224,4383,9314,0,5377,2583,804,5650,1521,4504,2644,970,7561,5298,3054,4523,1962,5916,2803,3757,6031,2438,3057,7451,6929,4970,9698,1339,4356,3661,5602,6069,6959,5238,6978,4104,9393,5967,1723,8964,1337
63,1376,1580,9318,2506,7682,2008,5396,791,995,8270,3315,7064,7526,9611,8291,1014,5533,6513,1069,358,8485,7151,9029,1804,1970,9974,2672,793,8521,9391,9947,165,9958,5491,7937,7109,4092,3521,6579,2772,7048,3221,8875,3023,4744,5783,6306,6739,1456,3207,2814,4611,6829,4307,105,17,1913,3053,946,634,1498,2958,3909,0,9096,839,9571,9440,248,7986,7740,4590,9806,8257,3694,891,8066,2858,6251,9590,3604,3239,7613,4480,3767,6061,9487,5607,8849,2706,5033,4805,25,4725,2487,4614,8960,8237,6674,5772
64,9903,3611,6033,9431,7825,2552,4640,9252,7938,4973,8449,9147,3958,1708,8674,5094,6003,6490,4952,2534,3991,4348,7931,4718,3755,3718,6741,1719,4350,3535,5462,1095,1476,3718,8499,3788,241,6886,7596,5017,8821,3472,1309,123,4301,41,5608,8623,5658,1259,609,4989,2625,247,3714,9508,9947,6437,8218,1455,443,9741,430,4879,0,3807,9855,4519,7234,3344,3491,106,57,2463,6845,7852,4381,1326,7063,2615,3052,9369,5631,7765,8077,9602,1506,4854,6471,7085,4531,439,9479,1548,9854,8084,419,7140,7623,5493
65,1834,4836,932,8763,7598,529,5460,7640,7258,5159,5763,6298,8336,8653,9227,8616,6291,8340,2927,9103,3552,2516,4286,2373,3522,3479,5414,3050,7521,5782,9936,9896,7794,6828,6389,5716,2202,3085,9027,9633,5084,37,9411,3662,8026,6499,8259,3557,1943,7961,5857,3043,9058,8995,7057,1730,8067,8709,6012,6442,114,8850,3801,3885,381,0,8997,5104,131,8038,8020,4877,494,7539,4016,2183,6967,8201,8861,6917,1415,1001,8101,3962,3941,4043,8843,9278,9774,3804,8603,1399,730,5645,8165,5306,7952,5508,4155,3587
66,7641,3180,2639,5989,7257,560,1542,2577,284,7007,9057,8343,9474,2770,6757,9108,852,6511,7247,5018,8866,9535,8804,9982,6824,816,7261,4222,4466,4940,1306,449,8649,1545,3572,3311,269,8651,3614,9380,2520,314,3846,3958,1728,1200,5945,2115,7487,7784,4863,9674,1296,4115,6905,2332,7718,3923,4024,4532,9707,4952,2240,452,8972,9933,0,2756,4319,8164,4706,1880,4309,7370,4631,1514,2135,6760,1990,6010,6754,6480,2081,425,3042,9945,5103,26,9538,4704,6353,8216,7139,4146,7481,3226,4180,7372,9184,299
67,9413,1328,7011,1279,7478,8088,7561,2166,8957,4584,5110,7955,3258,6095,7540,2659,268,2817,7002,8906,8882,5190,1829,3833,4510,1340,3397,6286,9667,8506,6893,8484,906,7523,651,8805,7123,113,2339,8631,1067,9067,3494,7164,4639,4440,1794,3130,6962,6899,4965,9338,7520,4365,8190,6469,8506,9885,8735,8420,4364,5422,522,9947,9193,4168,6075,0,7946,7387,4154,540,8615,9850,3481,8135,6164,1941,390,6417,1928,7971,4249,129,8113,6751,5852,6978,6994,3321,1805,9030,7235,7150,3388,6329,1065,9414,6669,6194
68,7900,3018,2711,767,2286,2188,5066,8236,5498,9167,3375,5924,7144,7822,8193,3125,2990,7221,7768,9007,228,3811,4740,9118,2990,2294,3200,5538,1334,6280,4954,3154,5182,4619,6861,6200,7082,2612,5976,3783,9188,2639,8781,5740,7477,814,3240,674,2689,7905,1953,3244,751,6110,6254,4634,7564,6696,5667,6039,2541,8619,7431,1110,3210,4088,3002,266,0,5401,8226,893,4820,2198,9745,7547,8495,547,2634,3129,7609,7895,1460,5956,7125,5073,2474,9264,9987,2678,6464,8312,3608,3696,8360,6585,721,5313,212,2839
69,1792,5152,209,1722,6049,2696,9456,996,8923,2905,6970,3631,178,419,8773,5680,3779,4074,401,1867,5985,7763,4679,2418,1424,7981,6508,9434,3654,2815,2198,8227,3064,1972,8050,3756,9626,8352,5167,7539,3293,3717,5169,5363,5992,8696,8353,1955,9256,9693,1518,9905,3240,7018,2763,3131,987,82,3923,6463,7815,2549,4039,4179,8733,5540,6199,1750,6508,0,3433,7604,5977,6303,8341,6567,5504,4495,7901,6021,6685,3914,7533,342,6651,6584,6346,2929,3865,6399,5652,3988,6738,1220,1280,829,7098,7902,4315,2065
70,6068,7971,4598,5911,9820,6050,9791,530,6426,3890,2724,5145,7354,5120,3803,2908,5105,4403,2908,9209,9335,7081,9768,1767,9247,9191,7403,1136,3717,1697,2348,8639,1295,1908,7426,7899,2081,7221,5581,669,7470,8904,4940,6143,3701,1490,4845,3637,6482,3448,4916,9793,5260,6293,965,5344,4163,570,5444,4145,9040,2305,2950,1411,4952,4392,4013,7474,5577,7189,0,2197,1630,8014,9215,1966,9248,3560,437,226,3286,5020,5681,6885,5314,4291,208,6423,2561,5014,7627,7810,7006,8573,8781,7072,8512,8334,4209,4495
71,8328,629,461,4005,1633,4962,8914,337,8944,9469,694,7631,3581,8205,6359,7535,2802,6165,1257,311,4156,4085,1521,8877,7618,8846,6440,8997,9869,4359,1469,3846,9607,4370,5691,101,8546,5791,768,6130,5130,46,6720,4679,9596,7898,6762,5591,9479,6755,6119,2928,4995,2599,5263,3995,6757,9253,4049,3641,7770,9498,8417,5689,2812,6825,3882,8539,4332,9979,7623,0,8164,7738,7756,3221,403,3091,6044,1387,7402,7031,1302,3813,4538,5360,3743,6742,9258,260,5306,8027,908,2824,9167,9487,6005,2644,6880,85
72,5032,4457,6375,8360,2461,3914,3869,1386,3328,6638,6948,8572,388,7900,2259,8174,1405,5977,4770,9267,93,3000,4070,7625,8072,2462,4769,8683,8133,1428,8464,4509,4207,2369,8479,1565,7439,3774,9427,3127,2819,1610,5934,5995,3654,5048,6842,4972,303,5884,3267,2089,94,6838,4710,6908,3294,7579,6578,7899,9293,1877,6683,4280,2631,6472,9987,2790,3567,9386,4907,8084,0,9803,1153,9743,6680,7967,5900,6673,1266,3560,8609,8658,9356,8055,6846,5549,8340,7240,1393,2007,2128,1617,4790,3610,477,2553,4530,5089
73,8641,8867,3867,7151,3266,3914,953,6256,9638,3220,6034,9681,4354,3163,8408,5446,8768,842,1807,827,5704,6778,7457,1208,7314,9530,7827,67,5358,1777,8826,6535,4547,4528,4955,9634,7325,8220,1756,8378,1610,9345,5468,1153,5153,5377,2354,6181,110,3338,2018,7635,9175,1187,7936,1995,7394,7343,4352,23,5685,6307,5445,5976,44,9492,2841,9388,707,71,3777,6839,605,0,7725,6173,440,5180,3322,3904,3614,7040,3527,5888,4881,6544,9131,986,3473,3321,3662,8922,378,5912,555,8429,9776,1056,7588,3460
74,5484,8635,290,8314,8579,3402,9530,3347,6247,2085,7444,7643,192,2066,2612,7532,1307,4007,5310,1387,6227,3523,2014,9840,3020,4599,8836,9638,3904,9127,2615,6707,252,5822,1252,8137,9274,7545,5681,1892,7882,4725,8347,6780,4165,8631,3194,214,955,6692,3302,3782,3003,8426,5637,7653,4756,9825,2055,3119,9893,689,2371,2166,6112,7626,1712,7066,2746,6482,9052,8009,2097,7372,0,9303,4751,3720,1828,2335,4977,1493,557,1258,7180,6652,8455,1661,9285,4115,9028,5216,7406,1789,4220,9861,2667,2920,5054,9015
75,7465,7206,2458,2240,4271,7565,5061,7454,1202,4444,5292,8281,6834,7344,6094,8129,5877,8930,7492,5059,189,2229,8334,1430,6902,5626,7066,9182,9936,457,9165,4681,5107,1284,8307,5416,3330,8271,7131,5975,7158,9222,7657,5049,8661,5157,2934,7183,9521,7510,6448,9706,4286,8091,5783,1480,7990,995,1354,5119,1881,489,6355,8711,4193,973,4879,4817,2296,6609,2377,8975,809,9869,7648,0,6708,1725,1237,8819,56,2488,1613,79,3155,2871,7258,4237,2855,3077,5935,6175,4575,746,1328,3514,4976,7035,7836,7686
76,1017,6225,1768,8233,1621,2850,3321,9854,5153,2094,926,3486,3174,2416,6266,2225,7984,1592,7736,2753,9977,2900,9960,3960,3157,2575,1250,5541,7987,9080,4784,9394,4921,1970,1635,1838,2580,1716,6954,1833,5129,2498,2684,9471,6172,7641,4882,6354,1394,717,9730,8318,5548,7106,3820,163,1188,194,1689,8381,2417,9154,1578,8873,4434,7587,136,3878,6234,6791,9124,7537,5550,3354,6293,8186,0,4500,5496,8837,9052,7779,4593,9025,7736,7586,6617,7523,8340,7486,8873,2447,642,7332,3110,3059,921,1739,5030,1453
77,7299,3282,133,284,673,4805,1991,3297,4985,8854,2669,4446,1099,8571,7997,6438,1294,6763,4258,8461,6441,1599,3667,9913,2001,1881,1930,1503,1007,3580,6142,4895,5121,3193,8961,1315,3138,836,416,4033,3859,1370,8814,4037,2547,945,5703,1476,7765,7470,8725,303,7371,5696,3111,5031,3200,2171,4355,7327,2730,671,1135,9859,1245,6722,289,8522,5580,4878,2672,1892,1486,9196,4279,4083,2974,0,9397,7545,3047,4778,3115,9422,3953,599,1801,211,6260,7036,6242,5051,656,632,1374,3933,3580,9066,8490,9202
78,1866,1827,287,5867,3258,7464,1214,4510,6867,1159,237,7153,5210,9737,9972,9152,1474,9181,254,7456,2486,1777,2156,1265,9724,9221,6170,6052,5103,1556,7139,200,9357,141,2084,4167,6579,2802,7288,4820,6023,8998,5650,3141,9889,8291,6110,8216,2798,2832,4956,3255,3437,9349,4151,3567,6807,1443,4056,9906,7342,8915,3026,9726,5503,1200,4597,8019,8856,3030,199,4705,1572,9764,4637,3985,6086,7302,0,1440,5353,697,3730,8203,9056,6167,8127,7010,8397,6908,7014,2243,927,9901,7567,9384,864,4248,1948,9795
79,7467,1894,1773,9642,7141,2842,2781,174,1698,9904,278,7112,4130,174,7216,3855,1431,3070,1410,6398,1863,4959,1596,179,6554,6600,6244,3371,2554,2194,455,8275,1433,4392,5611,5896,9536,7599,1765,5912,1672,5565,6049,181,9627,7993,820,2650,1207,3451,181,561,3009,5409,8390,8457,4498,5100,8073,8267,6848,3447,4181,5197,4504,9475,98,7098,3613,8826,1722,6771,4273,9197,2025,9947,2751,5496,4975,0,5901,1473,7256,1204,450,3906,1772,8464,8379,5796,4571,3381,5018,3263,7449,5144,5941,3355,8808,6810
80,9779,9133,8312,4194,245,354,5707,8300,8109,4078,8061,1657,6368,8587,641,5756,1811,9119,4865,1899,4041,6727,8693,9588,4965,2426,817,7483,795,9769,6404,4666,663,7972,2364,6142,683,1839,6399,3136,4675,7366,1873,2173,2368,1524,7241,944,6181,6055,7069,5789,8464,2556,5973,6704,1497,3701,531,9602,419,3469,6086,7656,871,816,5379,6809,161,2177,6158,2478,4193,8980,8481,2819,5478,5202,8311,3630,0,9936,7774,1986,7116,5010,5397,4209,6998,7941,9412,4970,6786,7595,6046,6188,9744,661,698,548
81,1482,5934,7558,641,3744,277,4657,2042,3847,6730,5754,7721,7165,5792,5267,2939,5552,3580,875,6512,8974,1611,4679,3831,4400,6456,4409,8248,1358,1855,5105,4965,3743,5392,1237,334,8914,9989,6225,9615,4647,1597,9111,3828,6948,904,9415,2552,3283,7300,7217,8860,9491,9387,6229,8582,6943,9970,9397,1389,5637,5650,7542,7660,9345,4296,3479,9840,9344,9207,6082,1801,5851,5246,1781,452,4782,224,7496,2065,4995,0,6485,3950,682,2829,4385,3773,7119,927,7829,3950,8885,3170,3827,7497,8490,5512,2444,5189
82,9568,8725,3897,9549,5132,3513,5376,928,6180,9850,3355,1167,4204,9105,4818,1798,8224,8694,8413,9442,285,948,2948,5091,6387,1465,6320,2289,4508,1169,4055,4706,5926,180,703,6658,4164,1581,5875,2084,7784,3406,8846,5748,6030,8721,2583,2290,1623,6802,7578,7005,9486,8943,6608,6653,7938,3628,1799,8608,2160,6396,3042,3244,5952,2664,6485,6447,9916,4912,1697,5734,995,9588,5066,2884,3770,2087,682,5968,3661,8667,0,9970,4768,8876,3190,9087,8843,153,4629,5150,3812,3651,8422,9288,2851,5084,5103,7325
83,6363,8070,7917,2328,4324,6415,4793,2498,1210,722,2829,2302,4307,6369,1517,9700,6846,5104,5653,1536,2215,3689,4906,1235,9318,568,5870,1922,580,3253,7277,4114,3395,3705,8055,1323,9331,1436,2080,3092,1479,4148,8950,5966,1389,297,2209,6015,5507,6428,1407,30,7922,2195,7513,54,7661,2145,8237,8685,6394,2308,2331,818,8574,3736,6033,8548,9915,6784,15,2546,8105,2735,4177,294,2949,1260,5187,514,2468,6944,6982,0,5955,6240,2572,6384,294,9452,4084,9209,3532,5520,833,2431,5401,7840,4453,7722
84,7165,9694,3199,1090,921,5916,2401,3606,4180,9910,1562,848,9926,5779,917,4608,8522,967,6473,846,4874,2524,229,1532,5657,4857,8974,7754,1925,8445,8216,7679,5222,1896,8849,4503,2489,3802,6736,4909,2499,9327,7368,7563,2984,9388,9263,5612,5960,2978,3358,5926,4671,1966,3248,4938,915,8045,3718,5780,8117,6456,194,5253,9188,225,7114,7715,1787,3806,465,1993,2596,2164,4990,629,4795,2529,3927,9576,9424,552,6725,7854,0,7740,9756,4837,6087,9941,7426,1262,9791,2402,6806,7278,9856,3754,455,8653
85,7514,6326,611,4433,6495,8255,5638,4826,8199,8851,5376,5454,5447,3784,3015,8820,1031,5615,7264,6823,8366,8262,9701,1224,506,6543,6744,1212,4968,4410,9919,1030,3654,6289,6182,4423,4917,2143,1277,5563,62,4785,9883,663,130,3623,8648,340,8860,5623,1537,5406,6308,93,4253,786,2127,6983,6389,1975,1943,435,5981,3265,8705,7155,4886,1285,2194,7215,8064,8294,9778,6553,4923,6796,5994,6900,3595,1224,5305,948,4429,778,6526,0,3303,732,9435,5068,6226,1140,9109,5801,6785,2728,2945,9494,524,8751
86,5233,19,951,3057,4481,3920,5365,5694,5376,6078,1802,7726,148,5296,7940,3367,5732,2019,1652,3083,4017,5655,6962,4908,6367,8180,668,2088,9394,1297,107,5491,2417,3143,3839,1810,2704,5444,3260,3956,1797,6485,8672,8744,4861,1404,8455,8741,9096,1,3706,6393,5824,8366,14,4676,3940,6975,8574,3546,2836,8613,4518,6008,3019,2164,5565,9307,402,6829,900,230,8174,6696,619,50,4369,7660,5751,2648,7426,2605,4084,4861,2683,548,0,7302,7064,5987,9622,9993,1099,6423,2810,5731,8119,2823,5464,3160
87,768,107,8729,9390,5882,859,4199,6994,1072,6167,715,362,5244,7262,429,5282,2244,3723,6283,2899,7674,5161,8146,1637,5057,998,7845,2413,7495,347,115,8625,7116,720,3618,8084,521,463,9926,6748,2034,4945,8548,5730,6517,6882,1573,2699,5389,9082,2868,1432,313,5521,175,4010,659,3913,7057,3852,961,1176,6476,5202,8125,743,748,8369,7247,8742,4980,1436,5500,7908,3239,370,5973,5303,1743,9337,8734,6347,4620,244,9489,9472,6109,0,3828,2800,4639,9284,8493,9498,5269,7659,1446,412,5237,8244
88,8006,9176,6762,6440,1811,8934,2058,8788,8431,4652,4916,2130,915,9241,397,6318,231,7361,671,2544,8034,4689,9684,7072,9479,441,9278,4662,5532,4268,7206,6279,43,5636,5036,8782,9004,9179,5412,6249,9411,1909,4209,2943,633,5881,7368,5268,8462,5024,5860,4089,6591,4267,6566,8386,2516,736,5407,5521,5127,1744,6827,3375,7814,7625,8073,4177,3940,4598,736,1278,15,672,1673,8135,6527,4975,8371,637,9530,3056,9373,9021,122,4685,7838,7993,0,8246,3316,206,199,1355,6209,71,1767,1858,6386,1375
89,1396,6749,3651,223,1563,8394,5153,6154,7300,254,7708,5977,8778,4778,6204,426,8331,7496,1768,652,4064,719,8911,9375,6464,6357,4639,6060,4656,5315,6052,4631,4463,5225,9636,9201,2112,9126,2883,4925,1899,6193,8950,9554,7891,1861,4649,7684,4987,5938,9502,4306,4538,1037,1121,1368,2847,7792,2433,5484,1604,9235,7644,4951,1821,6792,5940,8654,3644,7647,1314,2950,7933,6183,1049,8207,1182,7798,964,2779,8371,6887,7563,9728,6561,1136,7068,1993,5108,0,9767,5398,478,6386,2320,395,65,5556,7445,1248
90,2293,5285,5806,212,1354,3480,5572,9050,8902,6419,5922,8012,3830,9758,4128,4035,4798,8745,6405,335,4775,3680,5097,6988,472,837,9854,9136,6963,4775,169,3311,4028,406,410,717,3524,5614,8915,965,4061,7760,5406,8663,8815,6171,8585,2499,6464,6152,8408,3187,4527,7588,8700,1935,3587,6982,3138,6017,723,505,9394,3498,4828,2347,4988,4159,6469,8013,9326,6448,274,4669,4437,7841,4472,7802,1864,6137,3363,5869,8957,474,7117,5676,3889,1116,1487,9281,0,2777,6102,8343,5302,4813,7755,1360,4079,6193
91,5265,7033,2329,1191,4345,4410,328,5964,615,9245,2826,2840,45,7289,3873,1040,5210,3489,2302,6442,3683,3656,6312,4046,7234,5709,7073,7457,7981,1347,57,6712,7781,6954,8680,8413,4767,4533,8896,78,3912,4268,5681,1844,4816,4487,9375,8796,962,5480,8938,5300,4983,5198,6410,2900,9692,77,5511,7379,1704,6738,2498,1172,9555,8459,3805,6923,7291,310,8293,8114,2316,8406,5105,8962,2506,1145,532,1745,3521,6034,6928,6146,1349,6109,5965,9211,2969,228,5871,0,1394,4862,3515,9950,6934,9095,4680,7021
92,414,6844,335,4104,8527,1705,4914,5605,6818,2371,5262,5101,7946,9394,1381,9562,2969,800,5515,7244,3103,3837,2229,2209,1292,3384,2488,360,3973,2474,2126,7713,4797,9405,960,7045,2621,6493,410,1380,3963,6274,1109,5738,464,4800,3102,9497,3982,8432,395,2392,2653,1296,4643,3284,250,6036,4840,7214,9891,2785,1420,3178,6161,3900,540,7323,9152,3078,1515,3942,1982,867,9174,4339,2484,8608,5136,21,4572,8399,9889,399,6043,3587,7701,9064,8610,4811,2081,9814,0,9013,7452,8342,9935,9719,5997,8282
93,4716,4115,1569,5636,9732,9706,5657,5857,7394,547,5376,5911,5901,6965,720,7586,2041,2560,5856,9790,4148,6419,1970,3889,2228,8227,1489,4397,9445,4934,2840,6951,4947,2388,2368,8807,3421,4807,3655,4421,723,2354,4967,2262,5329,6039,3926,4350,9293,3966,170,3956,9522,6761,8049,8308,999,4478,5157,451,3770,3773,4404,4551,7371,3868,6855,4117,5953,8337,6797,4460,9530,5998,206,1013,575,9920,9953,4248,8487,3341,6889,8931,630,7806,2829,8800,9779,6719,5387,5445,4236,0,4208,8525,169,1557,5840,9806
94,2538,9738,1166,3789,230,5762,9337,9445,1886,9194,7335,6247,358,9503,2519,5948,4888,4710,4763,9129,6374,2266,3975,7906,7105,8532,2092,4580,6341,8733,7743,9762,8072,4395,4625,6485,6739,4791,706,233,8902,7785,8114,6498,7247,217,0,4220,3919,5795,9459,8881,2084,1201,7168,2768,9870,7691,6548,2084,7991,2873,1344,9562,1237,5412,3412,5536,2698,5905,8785,379,4765,8946,8380,6748,920,9995,606,2131,7402,3384,8130,7790,3433,1996,7547,1463,7913,6280,6434,3419,2799,9865,0,6857,5219,2269,210,8518
95,7805,374,4947,1283,7944,8728,8165,3508,4337,6963,5325,6594,7717,4503,9721,7481,7087,2448,6078,1469,3072,9707,7678,7461,8427,3177,3930,5982,9433,8193,2071,4641,9385,1893,1987,6136,904,6259,5870,7193,6422,7608,3160,1192,5226,6170,6960,8827,7085,6003,4333,6916,8596,1712,7492,8954,8104,7407,7564,809,2558,3288,931,2381,1517,9523,9395,4121,6109,8878,8445,7249,3369,5799,5914,9046,187,2575,9814,6957,1503,127,8087,8877,5082,880,9605,8870,4147,75,7106,7156,893,5687,2347,0,1964,5822,6309,1626
96,4319,3113,2254,9906,7023,2587,520,8597,1946,4025,7882,3707,4628,4446,1115,5867,5006,4134,5580,7707,7542,5160,6426,621,8745,5576,3335,3629,943,5877,8140,8317,4228,5844,1692,9668,6846,8056,4663,3113,6995,8485,3990,4933,509,2236,5003,1590,1527,3364,1420,2325,6664,994,1999,553,3576,4108,2179,4284,8051,9756,6307,1369,5860,6937,2882,1785,3148,1938,7575,9217,2937,9101,5518,6196,310,239,4989,7986,795,6875,7689,3880,6561,2044,4249,8344,7321,8851,3095,5367,3440,9584,5151,372,0,7026,3469,8400
97,7580,9838,2012,8106,511,9074,568,8529,6488,8915,4164,4813,8753,2874,329,6105,6664,6157,6517,2195,1851,430,1676,4530,5158,1624,9416,6869,8851,5020,2477,6441,3122,4212,1367,250,8095,7026,9672,818,8520,8008,2780,6401,2006,144,3892,8200,542,7599,3465,9317,1918,3775,4050,5686,3785,9149,626,8679,3915,9025,5930,8434,9145,255,5443,3775,7921,9548,5009,9055,4247,9084,9199,780,2007,4983,6168,7500,8163,4747,9882,745,9921,6488,7673,4808,3930,6197,5814,1149,4170,8414,7299,8672,1470,0,3500,9139
98,5319,8111,3237,9662,4461,1490,1840,1089,1481,4875,8906,1277,9158,7553,1327,6891,9427,2292,7776,3955,5847,7084,8532,6049,9176,5623,1477,4808,4610,2545,5260,3908,6309,1252,8171,9903,250,2053,8422,5432,5793,6548,2837,9562,5517,8126,2175,2226,562,9935,6853,7476,1627,8041,1829,8551,4352,4240,7338,2887,3111,7750,1496,9566,5854,135,212,3920,7031,9700,4565,1664,7408,8789,6433,9520,2981,7835,7286,7443,8245,9528,2690,8239,597,3594,1653,3125,3683,2717,1039,2539,4327,797,8262,3132,4088,5568,0,2441
99,460,6098,7214,4617,8623,3842,2444,5250,7864,6536,5202,3990,6837,5359,7779,2588,7064,1780,5089,4000,2285,1645,1639,3035,8500,1043,6734,1835,8235,1651,9656,6505,9700,3370,4994,2323,6509,853,974,3737,7345,904,6493,1391,1444,7025,8517,4147,4795,1996,7667,4077,2948,4397,419,3285,2734,7607,9221,8422,3718,8179,8599,4706,9991,787,103,8234,9907,9486,9426,1695,6971,3394,989,9989,2718,2968,8442,4711,1576,561,9655,8185,3368,9613,2439,6044,1714,5221,637,8341,741,1589,8302,9902,4169,3060,4930,0
